{
  "PV": {
    "summary": {
      "cumulative_return": 1.3420281136482397,
      "annualized_return": 0.55154495600957,
      "annualized_vol": 1.5972964620214682,
      "sharpe": 0.345299053196148,
      "mean_daily": 0.0021886704603554363,
      "vol_daily": 0.10062021925124122,
      "n_obs": 1851,
      "total_trades": 319,
      "win_rate": 0.48406266882766075
    }
  },
  "ProbI": {
    "summary": {
      "cumulative_return": 1.687135963312211,
      "annualized_return": 0.569647646557671,
      "annualized_vol": 1.5968853018246973,
      "sharpe": 0.3567242092508192,
      "mean_daily": 0.002260506533959012,
      "vol_daily": 0.10059431859339207,
      "n_obs": 1851,
      "total_trades": 209,
      "win_rate": 0.3943814154511075
    }
  },
  "PredI": {
    "summary": {
      "cumulative_return": 1.3997958640654984,
      "annualized_return": 0.5535928512799766,
      "annualized_vol": 1.5964988963193059,
      "sharpe": 0.3467542962643276,
      "mean_daily": 0.002196797028888796,
      "vol_daily": 0.10056997733452322,
      "n_obs": 1851,
      "total_trades": 50,
      "win_rate": 0.1842247433819557
    }
  },
  "RI": {
    "summary": {
      "cumulative_return": 4.989507456993258,
      "annualized_return": 0.600503492518265,
      "annualized_vol": 1.5741172438960316,
      "sharpe": 0.3814858739695805,
      "mean_daily": 0.0023829503671359722,
      "vol_daily": 0.0991600657573168,
      "n_obs": 1851,
      "total_trades": 343,
      "win_rate": 0.3581847649918963
    }
  },
  "PI": {
    "summary": {
      "cumulative_return": -0.026230942128099843,
      "annualized_return": -0.003453431774067301,
      "annualized_vol": 0.018205062576151326,
      "sharpe": -0.18969623200259167,
      "mean_daily": -1.3704094341536908e-05,
      "vol_daily": 0.00114681114711584,
      "n_obs": 1851,
      "total_trades": 46,
      "win_rate": 0.037817396002161
    }
  }
}